officer_id,name
C0001,Robert Williams
C0002,Alice Johnson
C0003,Emma Smith
C0004,James Moore
C0005,Sophia Anderson
C0006,John Martin
C0007,Michael Anderson
C0008,Isabella Taylor
C0009,Michael Williams
C0010,Emma Thomas
C0011,Isabella Johnson
C0012,David Johnson
C0013,John Anderson
C0014,Emma Smith
C0015,Olivia Williams
C0016,David Johnson
C0017,Isabella Brown
C0018,James Brown
C0019,James Williams
C0020,Sophia Anderson
C0021,David Thomas
C0022,Michael Smith
C0023,Michael Brown
C0024,James Martin
C0025,James Moore
C0026,Sophia Moore
C0027,James Johnson
C0028,Olivia Smith
C0029,John Taylor
C0030,Sophia Taylor
C0031,Emma Smith
C0032,Michael Anderson
C0033,Isabella Smith
C0034,Emma Thomas
C0035,Sophia Moore
C0036,Robert Moore
C0037,David Brown
C0038,Emma Thomas
C0039,Sophia Brown
C0040,Isabella Thomas
C0041,Isabella Johnson
C0042,Emma Taylor
C0043,John Thomas
C0044,John Martin
C0045,Sophia Anderson
C0046,Emma Lee
C0047,Olivia Anderson
C0048,Robert Brown
C0049,Michael Anderson
C0050,Olivia Anderson
C0051,Robert Johnson
C0052,Olivia Lee
C0053,Michael Moore
C0054,Olivia Moore
C0055,Michael Moore
C0056,Olivia Moore
C0057,Isabella Moore
C0058,James Brown
C0059,John Moore
C0060,Sophia Moore
C0061,Robert Williams
C0062,Olivia Thomas
C0063,Alice Thomas
C0064,John Moore
C0065,James Lee
C0066,James Johnson
C0067,Emma Johnson
C0068,Robert Smith
C0069,David Taylor
C0070,Michael Johnson
C0071,Michael Smith
C0072,James Brown
C0073,John Smith
C0074,John Lee
C0075,James Anderson
C0076,Robert Brown
C0077,David Williams
C0078,Olivia Lee
C0079,Isabella Lee
C0080,Robert Smith
C0081,Isabella Moore
C0082,Sophia Moore
C0083,Isabella Brown
C0084,Michael Johnson
C0085,John Anderson
C0086,Robert Williams
C0087,Emma Smith
C0088,Robert Martin
C0089,Michael Thomas
C0090,Alice Johnson
C0091,Emma Anderson
C0092,James Smith
C0093,Michael Anderson
C0094,Olivia Moore
C0095,Robert Brown
C0096,John Taylor
C0097,Sophia Johnson
C0098,Alice Smith
C0099,Isabella Moore
C0100,James Williams
C0101,Sophia Taylor
C0102,Alice Smith
C0103,James Johnson
C0104,Sophia Thomas
C0105,Sophia Johnson
C0106,Sophia Smith
C0107,James Lee
C0108,John Lee
C0109,Olivia Brown
C0110,Emma Anderson
C0111,Robert Moore
C0112,Michael Anderson
C0113,Alice Brown
C0114,Emma Brown
C0115,Michael Thomas
C0116,David Anderson
C0117,Sophia Smith
C0118,Sophia Anderson
C0119,Olivia Lee
C0120,James Smith
C0121,Sophia Anderson
C0122,Robert Anderson
C0123,Olivia Williams
C0124,Isabella Johnson
C0125,Sophia Moore
C0126,Isabella Smith
C0127,Sophia Johnson
C0128,David Martin
C0129,Olivia Anderson
C0130,Michael Anderson
C0131,James Moore
C0132,Sophia Anderson
C0133,Robert Lee
C0134,Robert Taylor
C0135,David Taylor
C0136,Robert Johnson
C0137,Alice Thomas
C0138,Olivia Martin
C0139,Michael Anderson
C0140,David Lee
C0141,Sophia Taylor
C0142,Olivia Moore
C0143,Olivia Anderson
C0144,Isabella Moore
C0145,Michael Moore
C0146,Robert Martin
C0147,Emma Brown
C0148,Robert Smith
C0149,Michael Moore
C0150,Isabella Williams
C0151,Isabella Smith
C0152,Sophia Lee
C0153,Michael Taylor
C0154,James Brown
C0155,Sophia Johnson
C0156,Sophia Anderson
C0157,Michael Lee
C0158,Olivia Brown
C0159,Olivia Johnson
C0160,Robert Martin
C0161,Sophia Lee
C0162,Sophia Moore
C0163,James Moore
C0164,Alice Brown
C0165,Isabella Smith
C0166,Sophia Williams
C0167,Sophia Williams
C0168,Michael Anderson
C0169,Isabella Lee
C0170,Olivia Johnson
C0171,Robert Johnson
C0172,John Smith
C0173,Emma Johnson
C0174,James Anderson
C0175,David Thomas
C0176,John Smith
C0177,Emma Lee
C0178,Isabella Brown
C0179,Sophia Williams
C0180,Emma Martin
C0181,John Thomas
C0182,David Williams
C0183,Sophia Martin
C0184,John Brown
C0185,Isabella Williams
C0186,Olivia Anderson
C0187,John Thomas
C0188,Olivia Taylor
C0189,Emma Martin
C0190,Emma Lee
C0191,David Moore
C0192,Emma Thomas
C0193,David Brown
C0194,Isabella Taylor
C0195,Alice Williams
C0196,Olivia Brown
C0197,Michael Smith
C0198,Michael Brown
C0199,Olivia Williams
C0200,Sophia Williams
C0201,Sophia Smith
C0202,David Johnson
C0203,Sophia Anderson
C0204,Olivia Thomas
C0205,Sophia Moore
C0206,James Thomas
C0207,Sophia Williams
C0208,Sophia Brown
C0209,Michael Thomas
C0210,James Williams
C0211,David Smith
C0212,John Taylor
C0213,Michael Moore
C0214,Robert Johnson
C0215,Sophia Smith
C0216,Emma Moore
C0217,Sophia Williams
C0218,Alice Martin
C0219,Robert Brown
C0220,Robert Martin
C0221,Michael Smith
C0222,James Williams
C0223,Olivia Moore
C0224,James Johnson
C0225,Olivia Johnson
C0226,Emma Williams
C0227,Robert Brown
C0228,David Martin
C0229,Emma Thomas
C0230,John Taylor
C0231,Emma Moore
C0232,Isabella Thomas
C0233,Michael Thomas
C0234,David Taylor
C0235,Isabella Martin
C0236,David Lee
C0237,Sophia Thomas
C0238,Alice Taylor
C0239,Olivia Williams
C0240,Robert Smith
C0241,James Lee
C0242,David Moore
C0243,Robert Moore
C0244,Sophia Smith
C0245,Sophia Taylor
C0246,Alice Lee
C0247,Michael Moore
C0248,James Moore
C0249,Alice Moore
C0250,Isabella Lee
C0251,Isabella Brown
C0252,Alice Taylor
C0253,Isabella Lee
C0254,Olivia Williams
C0255,Olivia Lee
C0256,David Thomas
C0257,Alice Thomas
C0258,Sophia Taylor
C0259,Michael Thomas
C0260,Isabella Anderson
C0261,Michael Taylor
C0262,Sophia Thomas
C0263,John Johnson
C0264,Sophia Lee
C0265,Michael Thomas
C0266,Sophia Brown
C0267,Michael Martin
C0268,Isabella Johnson
C0269,Alice Thomas
C0270,Isabella Brown
C0271,Robert Thomas
C0272,James Lee
C0273,Alice Moore
C0274,David Johnson
C0275,Sophia Johnson
C0276,Isabella Thomas
C0277,James Johnson
C0278,Michael Brown
C0279,Robert Johnson
C0280,Alice Brown
C0281,Olivia Smith
C0282,Robert Williams
C0283,Sophia Thomas
C0284,Emma Johnson
C0285,Isabella Lee
C0286,Emma Anderson
C0287,John Taylor
C0288,Alice Brown
C0289,Robert Johnson
C0290,Olivia Brown
C0291,Robert Thomas
C0292,Isabella Lee
C0293,Alice Smith
C0294,Isabella Thomas
C0295,Sophia Brown
C0296,Michael Smith
C0297,David Williams
C0298,Alice Smith
C0299,Olivia Johnson
C0300,John Brown
C0301,Michael Williams
C0302,James Taylor
C0303,Alice Johnson
C0304,David Lee
C0305,Alice Moore
C0306,John Taylor
C0307,Alice Williams
C0308,Michael Taylor
C0309,Alice Martin
C0310,Emma Brown
C0311,Michael Smith
C0312,Michael Lee
C0313,Olivia Lee
C0314,Sophia Smith
C0315,Emma Williams
C0316,John Martin
C0317,Sophia Smith
C0318,James Williams
C0319,James Martin
C0320,Michael Johnson
C0321,Sophia Johnson
C0322,Emma Anderson
C0323,Emma Anderson
C0324,Olivia Thomas
C0325,James Thomas
C0326,David Brown
C0327,Robert Anderson
C0328,Michael Brown
C0329,Isabella Anderson
C0330,Alice Taylor
C0331,Sophia Moore
C0332,Olivia Johnson
C0333,James Martin
C0334,Michael Thomas
C0335,Robert Martin
C0336,James Williams
C0337,David Moore
C0338,Robert Johnson
C0339,Michael Brown
C0340,Michael Williams
C0341,Isabella Lee
C0342,Olivia Smith
C0343,Emma Martin
C0344,Olivia Thomas
C0345,John Thomas
C0346,Robert Thomas
C0347,David Martin
C0348,Isabella Anderson
C0349,Emma Johnson
C0350,James Martin
C0351,Sophia Johnson
C0352,Michael Brown
C0353,Robert Smith
C0354,Sophia Lee
C0355,Isabella Johnson
C0356,Robert Williams
C0357,James Johnson
C0358,Olivia Taylor
C0359,Sophia Thomas
C0360,Michael Anderson
C0361,Isabella Taylor
C0362,Olivia Williams
C0363,Emma Thomas
C0364,Alice Johnson
C0365,Michael Taylor
C0366,Michael Smith
C0367,Sophia Johnson
C0368,Olivia Williams
C0369,James Martin
C0370,John Brown
C0371,James Williams
C0372,Sophia Thomas
C0373,Olivia Lee
C0374,Alice Moore
C0375,Olivia Smith
C0376,Isabella Anderson
C0377,Isabella Williams
C0378,Olivia Taylor
C0379,Olivia Moore
C0380,Emma Johnson
C0381,Robert Moore
C0382,John Williams
C0383,Olivia Brown
C0384,Robert Johnson
C0385,Sophia Moore
C0386,David Anderson
C0387,Robert Brown
C0388,Olivia Williams
C0389,Olivia Thomas
C0390,Alice Johnson
C0391,Michael Thomas
C0392,John Johnson
C0393,Robert Thomas
C0394,Sophia Taylor
C0395,Robert Taylor
C0396,Robert Brown
C0397,John Brown
C0398,Sophia Smith
C0399,Robert Johnson
C0400,Alice Taylor
C0401,Isabella Thomas
C0402,John Brown
C0403,David Williams
C0404,Robert Taylor
C0405,Sophia Lee
C0406,Isabella Brown
C0407,David Smith
C0408,Emma Martin
C0409,Michael Johnson
C0410,Sophia Anderson
C0411,John Brown
C0412,James Williams
C0413,David Brown
C0414,Michael Moore
C0415,Robert Smith
C0416,Isabella Williams
C0417,David Lee
C0418,John Thomas
C0419,Robert Martin
C0420,James Williams
C0421,John Anderson
C0422,Sophia Williams
C0423,Emma Thomas
C0424,Michael Moore
C0425,Michael Williams
C0426,Isabella Smith
C0427,Sophia Martin
C0428,John Anderson
C0429,Michael Moore
C0430,Emma Anderson
C0431,Robert Martin
C0432,Alice Williams
C0433,Sophia Anderson
C0434,Olivia Moore
C0435,Alice Taylor
C0436,Michael Brown
C0437,James Anderson
C0438,Alice Brown
C0439,Olivia Taylor
C0440,Emma Thomas
C0441,James Johnson
C0442,Isabella Williams
C0443,Isabella Brown
C0444,Emma Thomas
C0445,Emma Anderson
C0446,Robert Lee
C0447,Sophia Taylor
C0448,Sophia Williams
C0449,Olivia Thomas
C0450,Sophia Martin
C0451,Alice Moore
C0452,Olivia Martin
C0453,John Martin
C0454,Emma Smith
C0455,Michael Johnson
C0456,Isabella Brown
C0457,Alice Thomas
C0458,Olivia Johnson
C0459,Michael Anderson
C0460,David Smith
C0461,Olivia Johnson
C0462,Emma Lee
C0463,Olivia Williams
C0464,Isabella Moore
C0465,John Moore
C0466,Robert Thomas
C0467,David Martin
C0468,Emma Anderson
C0469,Robert Martin
C0470,Emma Williams
C0471,Emma Taylor
C0472,John Thomas
C0473,James Anderson
C0474,Michael Thomas
C0475,Michael Anderson
C0476,Olivia Williams
C0477,Robert Taylor
C0478,Michael Lee
C0479,Olivia Williams
C0480,Michael Lee
C0481,Michael Taylor
C0482,Alice Brown
C0483,David Williams
C0484,John Anderson
C0485,Robert Anderson
C0486,Alice Brown
C0487,Alice Martin
C0488,Alice Taylor
C0489,Michael Williams
C0490,David Anderson
C0491,Robert Williams
C0492,Robert Brown
C0493,Isabella Moore
C0494,David Taylor
C0495,Michael Anderson
C0496,Sophia Lee
C0497,David Lee
C0498,Emma Brown
C0499,David Moore
C0500,Olivia Smith
